id,name,pic,url
61,帕加尼,//car1.autoimg.cn/logo/brand/50/129302900134843750.jpg,//car.autohome.com.cn/pic/brand-61.html
308,Polestar,//car2.autoimg.cn/cardfs/brand/50/g5/M0B/AD/E2/autohomecar__wKgHzFnn_F-AT9eKAAAItqxlliM534.jpg,//car.autohome.com.cn/pic/brand-308.html
186,佩奇奥,//car0.autoimg.cn/logo/brand/50/130108322120386290.jpg,//car.autohome.com.cn/pic/brand-186.html
62,起亚,//car1.autoimg.cn/logo/brand/50/129302900493437500.jpg,//car.autohome.com.cn/pic/brand-62.html
26,奇瑞,//car0.autoimg.cn/logo/brand/50/130373369847969316.jpg,//car.autohome.com.cn/pic/brand-26.html
122,启辰,//car2.autoimg.cn/cardfs/brand/50/g11/M04/69/30/autohomecar__wKjBzFmyXxmAYgFmAAAPLCeu_5M396.jpg,//car.autohome.com.cn/pic/brand-122.html
235,前途,//car3.autoimg.cn/cardfs/brand/50/g21/M0B/B3/E4/autohomecar__wKgFVVlIfX6AJZWbAAAMa4nmIIk760.jpg,//car.autohome.com.cn/pic/brand-235.html
281,奇点汽车,//car3.autoimg.cn/cardfs/brand/50/g9/M02/63/AC/autohomecar__wKjBzlmyYZGATxmVAAAL3AwJ8FY399.jpg,//car.autohome.com.cn/pic/brand-281.html
63,日产,//car0.autoimg.cn/logo/brand/50/129302257960370000.jpg,//car.autohome.com.cn/pic/brand-63.html
19,荣威,//car0.autoimg.cn/logo/brand/50/129302257820682500.jpg,//car.autohome.com.cn/pic/brand-19.html
174,如虎,//car0.autoimg.cn/logo/brand/50/130002110403668589.jpg,//car.autohome.com.cn/pic/brand-174.html
239,Rezvani,//car0.autoimg.cn/logo/brand/50/130788875575616989.jpg,//car.autohome.com.cn/pic/brand-239.html
252,Rimac,//car3.autoimg.cn/cardfs/brand/50/g21/M13/78/C9/autohomecar__wKjBwlbL0mKAP3-xAAAJNp7wwOY967.jpg,//car.autohome.com.cn/pic/brand-252.html
193,Rinspeed,//car1.autoimg.cn/logo/brand/50/130313147128560056.jpg,//car.autohome.com.cn/pic/brand-193.html
103,瑞麒,//car1.autoimg.cn/logo/brand/50/129302900649218750.jpg,//car.autohome.com.cn/pic/brand-103.html
67,斯柯达,//car2.autoimg.cn/cardfs/brand/50/g14/M00/21/E4/autohomecar__wKgH1VmC0D2AFOhOAAAPdbnHHec605.jpg,//car.autohome.com.cn/pic/brand-67.html
68,三菱,//car2.autoimg.cn/cardfs/brand/50/g4/M0D/60/EA/autohomecar__wKgH2lmpLTWAIIOOAAANK6HXIgw141.jpg,//car.autohome.com.cn/pic/brand-68.html
65,斯巴鲁,//car1.autoimg.cn/logo/brand/50/129569843925716250.jpg,//car.autohome.com.cn/pic/brand-65.html
155,上汽大通,//car0.autoimg.cn/logo/brand/50/130386551446015034.jpg,//car.autohome.com.cn/pic/brand-155.html
45,smart,//car3.autoimg.cn/cardfs/brand/50/g14/M07/C1/CE/autohomecar__wKgH5FYu0T6AVjs5AAAMuX9x5W8695.jpg,//car.autohome.com.cn/pic/brand-45.html
162,思铭,//car0.autoimg.cn/logo/brand/50/129785010832932996.jpg,//car.autohome.com.cn/pic/brand-162.html
69,双龙,//car1.autoimg.cn/logo/brand/50/129858615318190795.jpg,//car.autohome.com.cn/pic/brand-69.html
205,赛麟,//car2.autoimg.cn/cardfs/brand/50/g18/M10/FB/57/autohomecar__wKgH6FZdYZmAeAftAAARgAjATIg160.jpg,//car.autohome.com.cn/pic/brand-205.html
269,SWM斯威汽车,//car2.autoimg.cn/cardfs/brand/50/g9/M05/E8/DE/autohomecar__wKgH0FhzOZWAdpdiAAAWRh_hsA0435.jpg,//car.autohome.com.cn/pic/brand-269.html
137,Scion,//car1.autoimg.cn/logo/brand/50/129557129234867500.jpg,//car.autohome.com.cn/pic/brand-137.html
127,SPIRRA,//car1.autoimg.cn/logo/brand/50/129380791015836250.jpg,//car.autohome.com.cn/pic/brand-127.html
138,SSC,//car1.autoimg.cn/logo/brand/50/129569250957011250.jpg,//car.autohome.com.cn/pic/brand-138.html
64,萨博,//car1.autoimg.cn/logo/brand/50/129302258589120000.jpg,//car.autohome.com.cn/pic/brand-64.html
178,上海,//car1.autoimg.cn/logo/brand/50/130012176858215735.jpg,//car.autohome.com.cn/pic/brand-178.html
66,世爵,//car1.autoimg.cn/logo/brand/50/129563952692701250.jpg,//car.autohome.com.cn/pic/brand-66.html
90,双环,//car0.autoimg.cn/logo/brand/50/130010430521260368.jpg,//car.autohome.com.cn/pic/brand-90.html
133,特斯拉,//car1.autoimg.cn/logo/brand/50/129885236749925845.jpg,//car.autohome.com.cn/pic/brand-133.html
161,腾势,//car2.autoimg.cn/cardfs/brand/50/g8/M15/F4/9E/autohomecar__wKgHz1lcPx-AXL5fAAAMdjYVSoY639.jpg,//car.autohome.com.cn/pic/brand-161.html
255,泰克鲁斯·腾风,//car2.autoimg.cn/cardfs/brand/50/g19/M0F/A4/43/autohomecar__wKgFWFbX-NuAA-K1AAAG6EOiWTw788.jpg,//car.autohome.com.cn/pic/brand-255.html
249,VLF Automotive,//car2.autoimg.cn/cardfs/brand/50/g12/M0C/3C/77/autohomecar__wKjBy1aVOS2AZ50PAAAIY2wewl4334.jpg,//car.autohome.com.cn/pic/brand-249.html
33,奥迪,//car2.autoimg.cn/cardfs/brand/50/g16/M05/5B/78/autohomecar__wKgH11cVh1WADo76AAAK8dMrElU714.jpg,//car.autohome.com.cn/pic/brand-33.html
35,阿斯顿·马丁,//car1.autoimg.cn/logo/brand/50/130131578038733348.jpg,//car.autohome.com.cn/pic/brand-35.html
34,阿尔法·罗密欧,//car3.autoimg.cn/cardfs/brand/50/g17/M08/2F/C5/autohomecar__wKgH51jJ_6CAIpwtAAATva_zpjI750.jpg,//car.autohome.com.cn/pic/brand-34.html
117,AC Schnitzer,//car1.autoimg.cn/logo/brand/50/129302871545000000.jpg,//car.autohome.com.cn/pic/brand-117.html
221,安凯客车,//car0.autoimg.cn/logo/brand/50/130549643705032710.jpg,//car.autohome.com.cn/pic/brand-221.html
276,ALPINA,//car3.autoimg.cn/cardfs/brand/50/g7/M11/5D/D6/autohomecar__wKjB0FfsB2WAcBb3AAAUU2Z1xOw225.jpg,//car.autohome.com.cn/pic/brand-276.html
272,ARCFOX,//car3.autoimg.cn/cardfs/brand/50/g9/M14/EE/42/autohomecar__wKgH31eh4xKAdTTgAAANxSVs4VI788.jpg,//car.autohome.com.cn/pic/brand-272.html
253,Apollo,//car2.autoimg.cn/cardfs/brand/50/g23/M0B/9D/ED/autohomecar__wKjBwFbWO8CALZUJAAALfxCfkjc482.jpg,//car.autohome.com.cn/pic/brand-253.html
251,Arash,//car2.autoimg.cn/cardfs/brand/50/g19/M0B/6F/E7/autohomecar__wKgFWFbJMdaAa7l4AAAL5XVP0nY632.jpg,//car.autohome.com.cn/pic/brand-251.html
273,艾康尼克,//car2.autoimg.cn/cardfs/brand/50/g15/M01/D5/8A/autohomecar__wKgH5VlCVN2AKx6pAAAGoBdetZI311.jpg,//car.autohome.com.cn/pic/brand-273.html
36,奔驰,//car2.autoimg.cn/cardfs/brand/50/g17/M05/73/21/autohomecar__wKjBxlgEi2OACNA1AAAN8O5z018868.jpg,//car.autohome.com.cn/pic/brand-36.html
15,宝马,//car1.autoimg.cn/logo/brand/50/129302240087557500.jpg,//car.autohome.com.cn/pic/brand-15.html
14,本田,//car0.autoimg.cn/logo/brand/50/129302239927557500.jpg,//car.autohome.com.cn/pic/brand-14.html
38,别克,//car1.autoimg.cn/logo/brand/50/130713021829044765.jpg,//car.autohome.com.cn/pic/brand-38.html
120,宝骏,//car2.autoimg.cn/cardfs/brand/50/g11/M06/6C/9B/autohomecar__wKjBzFXs-WWAHHJjAAAMWwBIocM289.jpg,//car.autohome.com.cn/pic/brand-120.html
75,比亚迪,//car0.autoimg.cn/logo/brand/50/129302877535937500.jpg,//car.autohome.com.cn/pic/brand-75.html
13,标致,//car0.autoimg.cn/logo/brand/50/129302239751932500.jpg,//car.autohome.com.cn/pic/brand-13.html
40,保时捷,//car1.autoimg.cn/logo/brand/50/130713021464992840.jpg,//car.autohome.com.cn/pic/brand-40.html
27,北京,//car0.autoimg.cn/logo/brand/50/130132519933675283.jpg,//car.autohome.com.cn/pic/brand-27.html
173,北汽绅宝,//car0.autoimg.cn/logo/brand/50/130728514973823368.jpg,//car.autohome.com.cn/pic/brand-173.html
154,北汽制造,//car0.autoimg.cn/logo/brand/50/129672874565669471.jpg,//car.autohome.com.cn/pic/brand-154.html
39,宾利,//car0.autoimg.cn/logo/brand/50/130464274445786511.jpg,//car.autohome.com.cn/pic/brand-39.html
95,奔腾,//car0.autoimg.cn/logo/brand/50/129302879456406250.jpg,//car.autohome.com.cn/pic/brand-95.html
203,北汽幻速,//car0.autoimg.cn/logo/brand/50/130407024340800773.jpg,//car.autohome.com.cn/pic/brand-203.html
231,宝沃,//car3.autoimg.cn/cardfs/brand/50/g8/M07/59/AF/autohomecar__wKgHz1cQmS6AVk2fAAAPR-y4RTY926.jpg,//car.autohome.com.cn/pic/brand-231.html
208,北汽新能源,//car3.autoimg.cn/cardfs/brand/50/g15/M01/81/9E/autohomecar__wKgH1lgPHeKAM-CwAAAQJK-P3TM593.jpg,//car.autohome.com.cn/pic/brand-208.html
143,北汽威旺,//car0.autoimg.cn/logo/brand/50/130058250267573556.jpg,//car.autohome.com.cn/pic/brand-143.html
140,巴博斯,//car1.autoimg.cn/logo/brand/50/129609000250860000.jpg,//car.autohome.com.cn/pic/brand-140.html
37,布加迪,//car1.autoimg.cn/logo/brand/50/129302240538807500.jpg,//car.autohome.com.cn/pic/brand-37.html
271,比速汽车,//car2.autoimg.cn/cardfs/brand/50/g19/M06/78/7A/autohomecar__wKgFWFgkFtSASB9gAAAQGh0uHwI409.jpg,//car.autohome.com.cn/pic/brand-271.html
301,北汽道达,//car3.autoimg.cn/cardfs/brand/50/g19/M15/07/56/autohomecar__wKjBxFmJeCSAbM8hAAANkZfkPuA362.jpg,//car.autohome.com.cn/pic/brand-301.html
76,长安,//car1.autoimg.cn/logo/brand/50/130626666565626923.jpg,//car.autohome.com.cn/pic/brand-76.html
77,长城,//car2.autoimg.cn/cardfs/brand/50/g17/M08/20/28/autohomecar__wKgH51aA6EKAZFHkAAAKJtLdnDg318.jpg,//car.autohome.com.cn/pic/brand-77.html
163,长安欧尚,//car3.autoimg.cn/cardfs/brand/50/g22/M11/1E/F1/autohomecar__wKjBwVlIigyAVIuOAAAQxxG4Hq8816.jpg,//car.autohome.com.cn/pic/brand-163.html
79,昌河,//car3.autoimg.cn/cardfs/brand/50/g16/M0A/B8/A0/autohomecar__wKjBx1dzlk6AbnwfAAAKReqo2Kk929.jpg,//car.autohome.com.cn/pic/brand-79.html
196,成功汽车,//car1.autoimg.cn/logo/brand/50/130320044308933666.jpg,//car.autohome.com.cn/pic/brand-196.html
294,长安轻型车,//car3.autoimg.cn/cardfs/brand/50/g5/M01/C2/E5/autohomecar__wKjB0lk1BiuAbcyxAAANFp7uMx0785.jpg,//car.autohome.com.cn/pic/brand-294.html
299,长安跨越,//car3.autoimg.cn/cardfs/brand/50/g8/M0D/2A/03/autohomecar__wKgHz1mHy2eAey6nAAARa2buUu4623.jpg,//car.autohome.com.cn/pic/brand-299.html
189,Caterham,//car0.autoimg.cn/logo/brand/50/130242926581895295.jpg,//car.autohome.com.cn/pic/brand-189.html
264,长江EV,//car2.autoimg.cn/cardfs/brand/50/g9/M13/58/E6/autohomecar__wKgH0FcTK4KAa_5VAAAHE1w2R78120.jpg,//car.autohome.com.cn/pic/brand-264.html
70,沃尔沃,//car0.autoimg.cn/logo/brand/50/130604219163959092.gif,//car.autohome.com.cn/pic/brand-70.html
114,五菱汽车,//car2.autoimg.cn/cardfs/brand/50/g15/M05/6E/1B/autohomecar__wKjByFXs-YuAORyCAAAN_VDTqXc506.jpg,//car.autohome.com.cn/pic/brand-114.html
283,WEY,//car2.autoimg.cn/cardfs/brand/50/g17/M0A/CF/6D/autohomecar__wKjBxllCR6iAFxwSAAAH0VGiu28878.jpg,//car.autohome.com.cn/pic/brand-283.html
167,五十铃,//car0.autoimg.cn/logo/brand/50/129829931050814586.jpg,//car.autohome.com.cn/pic/brand-167.html
192,潍柴英致,//car1.autoimg.cn/logo/brand/50/130503858618811182.jpg,//car.autohome.com.cn/pic/brand-192.html
99,威兹曼,//car0.autoimg.cn/logo/brand/50/129302901255625000.jpg,//car.autohome.com.cn/pic/brand-99.html
233,W Motors,//car1.autoimg.cn/logo/brand/50/130738965673884062.jpg,//car.autohome.com.cn/pic/brand-233.html
102,威麟,//car0.autoimg.cn/logo/brand/50/129447278576166412.jpg,//car.autohome.com.cn/pic/brand-102.html
291,威马汽车,//car2.autoimg.cn/cardfs/brand/50/g6/M0E/72/AF/autohomecar__wKjB0Vj4x4iANKVdAAALTcHmBmo630.jpg,//car.autohome.com.cn/pic/brand-291.html
284,蔚来,//car2.autoimg.cn/cardfs/brand/50/g15/M0B/A4/55/autohomecar__wKgH1lgy9CiATT0lAAAM1fGtovA998.jpg,//car.autohome.com.cn/pic/brand-284.html
159,沃克斯豪尔,//car0.autoimg.cn/logo/brand/50/129737422129374303.jpg,//car.autohome.com.cn/pic/brand-159.html
1,大众,//car3.autoimg.cn/cardfs/brand/50/g23/M09/5B/8F/autohomecar__wKgFXFbCuGGAark9AAAOm8MlQDA537.jpg,//car.autohome.com.cn/pic/brand-1.html
32,东风,//car0.autoimg.cn/logo/brand/50/130150671280491404.jpg,//car.autohome.com.cn/pic/brand-32.html
165,东风风行,//car1.autoimg.cn/logo/brand/50/130282004692055013.jpg,//car.autohome.com.cn/pic/brand-165.html
259,东风风光,//car2.autoimg.cn/cardfs/brand/50/g19/M07/B5/41/autohomecar__wKgFU1bdGl-ABe-FAAAOptrisds277.jpg,//car.autohome.com.cn/pic/brand-259.html
113,东风风神,//car1.autoimg.cn/logo/brand/50/129932123955622362.jpg,//car.autohome.com.cn/pic/brand-113.html
81,东南,//car3.autoimg.cn/cardfs/brand/50/g18/M0A/5F/28/autohomecar__wKgH6FmpLYiAIma1AAAUBpmPqgU757.jpg,//car.autohome.com.cn/pic/brand-81.html
169,DS,//car0.autoimg.cn/logo/brand/50/130759724016906472.png,//car.autohome.com.cn/pic/brand-169.html
142,东风小康,//car2.autoimg.cn/cardfs/brand/50/g12/M0F/E0/79/autohomecar__wKgH4llIkCeAbMyOAAAMf2zpA6w696.jpg,//car.autohome.com.cn/pic/brand-142.html
41,道奇,//car1.autoimg.cn/logo/brand/50/129302961253750000.jpg,//car.autohome.com.cn/pic/brand-41.html
187,东风风度,//car1.autoimg.cn/logo/brand/50/130108922715000383.jpg,//car.autohome.com.cn/pic/brand-187.html
280,电咖,//car2.autoimg.cn/cardfs/brand/50/g7/M14/90/A0/autohomecar__wKgH3Vgay7KAeP7BAAAI_kWHMjs991.jpg,//car.autohome.com.cn/pic/brand-280.html
157,Dacia,//car1.autoimg.cn/logo/brand/50/129702914033140193.jpg,//car.autohome.com.cn/pic/brand-157.html
198,DMC,//car0.autoimg.cn/logo/brand/50/130341810910473724.jpg,//car.autohome.com.cn/pic/brand-198.html
92,大发,//car1.autoimg.cn/logo/brand/50/129302956932187500.jpg,//car.autohome.com.cn/pic/brand-92.html
12,现代,//car1.autoimg.cn/logo/brand/50/129743627900268975.jpg,//car.autohome.com.cn/pic/brand-12.html
71,雪佛兰,//car1.autoimg.cn/logo/brand/50/130371887599041884.jpg,//car.autohome.com.cn/pic/brand-71.html
72,雪铁龙,//car3.autoimg.cn/cardfs/brand/50/g20/M0C/EE/3A/autohomecar__wKgFWVimyLyAKfSxAAALV1cBL4E719.jpg,//car.autohome.com.cn/pic/brand-72.html
98,西雅特,//car0.autoimg.cn/logo/brand/50/130120389757783650.jpg,//car.autohome.com.cn/pic/brand-98.html
275,小鹏汽车,//car3.autoimg.cn/cardfs/brand/50/g21/M12/1A/F1/autohomecar__wKgFWlfXs26AeZ58AAAJ4DpZlsU508.jpg,//car.autohome.com.cn/pic/brand-275.html
3,丰田,//car1.autoimg.cn/logo/brand/50/129302966016093750.jpg,//car.autohome.com.cn/pic/brand-3.html
8,福特,//car1.autoimg.cn/logo/brand/50/130003561762214051.jpg,//car.autohome.com.cn/pic/brand-8.html
42,法拉利,//car2.autoimg.cn/cardfs/brand/50/g5/M05/DA/05/autohomecar__wKjB0llIjd-AbwMNAAAPzn4RkkA227.jpg,//car.autohome.com.cn/pic/brand-42.html
96,福田,//car0.autoimg.cn/logo/brand/50/129435969585897015.jpg,//car.autohome.com.cn/pic/brand-96.html
11,菲亚特,//car0.autoimg.cn/logo/brand/50/129302245774276250.jpg,//car.autohome.com.cn/pic/brand-11.html
141,福迪,//car1.autoimg.cn/logo/brand/50/129610706410813906.jpg,//car.autohome.com.cn/pic/brand-141.html
197,福汽启腾,//car0.autoimg.cn/logo/brand/50/130371852790179714.jpg,//car.autohome.com.cn/pic/brand-197.html
282,福田乘用车,//car3.autoimg.cn/cardfs/brand/50/g21/M11/76/D8/autohomecar__wKjBwlgkCcuARQ59AAAMf4Jfh34817.jpg,//car.autohome.com.cn/pic/brand-282.html
248,Faraday Future,//car2.autoimg.cn/cardfs/brand/50/g18/M15/2F/51/autohomecar__wKjBxVaLJp-AJ8L5AAAGY5is85M747.jpg,//car.autohome.com.cn/pic/brand-248.html
132,Fisker,//car1.autoimg.cn/logo/brand/50/129563801950892500.jpg,//car.autohome.com.cn/pic/brand-132.html
82,广汽传祺,//car1.autoimg.cn/logo/brand/50/129844732400962975.jpg,//car.autohome.com.cn/pic/brand-82.html
152,观致,//car1.autoimg.cn/logo/brand/50/130104882761739056.jpg,//car.autohome.com.cn/pic/brand-152.html
112,GMC,//car0.autoimg.cn/logo/brand/50/129302897721250000.jpg,//car.autohome.com.cn/pic/brand-112.html
108,广汽吉奥,//car1.autoimg.cn/logo/brand/50/130122775932207993.jpg,//car.autohome.com.cn/pic/brand-108.html
304,国金汽车,//car2.autoimg.cn/cardfs/brand/50/g20/M02/5A/67/autohomecar__wKgFWVnAqCmAZteOAAANz3JJTak147.jpg,//car.autohome.com.cn/pic/brand-304.html
277,GLM,//car3.autoimg.cn/cardfs/brand/50/g10/M14/60/6E/autohomecar__wKgH4Fftv6eAbbuiAAAKXB6SoMI601.jpg,//car.autohome.com.cn/pic/brand-277.html
115,Gumpert,//car0.autoimg.cn/logo/brand/50/129302897985937500.jpg,//car.autohome.com.cn/pic/brand-115.html
116,光冈,//car0.autoimg.cn/logo/brand/50/129302898388593750.jpg,//car.autohome.com.cn/pic/brand-116.html
73,英菲尼迪,//car3.autoimg.cn/cardfs/brand/50/g21/M0E/A3/E7/autohomecar__wKgFVVk6ayGAHgfuAAALAt2iqG0676.jpg,//car.autohome.com.cn/pic/brand-73.html
110,一汽,//car1.autoimg.cn/logo/brand/50/129521596861485000.jpg,//car.autohome.com.cn/pic/brand-110.html
144,依维柯,//car0.autoimg.cn/logo/brand/50/129642616014732497.jpg,//car.autohome.com.cn/pic/brand-144.html
111,野马汽车,//car1.autoimg.cn/logo/brand/50/130572314756840603.jpg,//car.autohome.com.cn/pic/brand-111.html
286,云度,//car3.autoimg.cn/cardfs/brand/50/g22/M15/FB/FC/autohomecar__wKgFW1iufYaAFggRAAAJDjnKM50836.jpg,//car.autohome.com.cn/pic/brand-286.html
263,驭胜,//car2.autoimg.cn/cardfs/brand/50/g16/M06/52/A8/autohomecar__wKgH11cMh1aAFGwDAAAM4q4OrPQ002.jpg,//car.autohome.com.cn/pic/brand-263.html
307,裕路,//car3.autoimg.cn/cardfs/brand/50/g19/M15/74/7A/autohomecar__wKgFU1nbKzSAJkIgAAAPzWkbEh8070.jpg,//car.autohome.com.cn/pic/brand-307.html
93,永源,//car1.autoimg.cn/logo/brand/50/129302902053750000.jpg,//car.autohome.com.cn/pic/brand-93.html
243,游侠,//car3.autoimg.cn/cardfs/brand/50/g18/M14/48/E6/autohomecar__wKgH2VXSCb-AdKH6AAAKBJO-RSg497.jpg,//car.autohome.com.cn/pic/brand-243.html
181,哈弗,//car2.autoimg.cn/cardfs/brand/50/g9/M02/03/83/autohomecar__wKgH31oczGiAOmtOAAALYdEdEo4927.jpg,//car.autohome.com.cn/pic/brand-181.html
86,海马,//car1.autoimg.cn/logo/brand/50/129823850942495536.jpg,//car.autohome.com.cn/pic/brand-86.html
91,红旗,//car1.autoimg.cn/logo/brand/50/130147066358812235.jpg,//car.autohome.com.cn/pic/brand-91.html
97,黄海,//car1.autoimg.cn/logo/brand/50/129302900065156250.jpg,//car.autohome.com.cn/pic/brand-97.html
87,华泰,//car0.autoimg.cn/logo/brand/50/130760651458567057.jpg,//car.autohome.com.cn/pic/brand-87.html
267,汉腾汽车,//car2.autoimg.cn/cardfs/brand/50/g7/M12/26/66/autohomecar__wKgH3Vl_37aANygiAAARzFrO6yc287.jpg,//car.autohome.com.cn/pic/brand-267.html
164,恒天,//car1.autoimg.cn/logo/brand/50/129791207927834868.jpg,//car.autohome.com.cn/pic/brand-164.html
245,华凯,//car2.autoimg.cn/cardfs/brand/50/g11/M03/6F/C9/autohomecar__wKgH4VXuniSAecL1AAAMdk8cWzE797.jpg,//car.autohome.com.cn/pic/brand-245.html
260,华泰新能源,//car3.autoimg.cn/cardfs/brand/50/g23/M14/B7/01/autohomecar__wKgFV1bdTxSAY1m7AAAOsiJ4F9U316.jpg,//car.autohome.com.cn/pic/brand-260.html
24,哈飞,//car0.autoimg.cn/logo/brand/50/129598513601028524.jpg,//car.autohome.com.cn/pic/brand-24.html
220,华颂,//car1.autoimg.cn/logo/brand/50/130607538604071250.jpg,//car.autohome.com.cn/pic/brand-220.html
150,海格,//car1.autoimg.cn/logo/brand/50/130304450782576584.jpg,//car.autohome.com.cn/pic/brand-150.html
184,华骐,//car0.autoimg.cn/logo/brand/50/130404487010246939.jpg,//car.autohome.com.cn/pic/brand-184.html
43,悍马,//car1.autoimg.cn/logo/brand/50/129302247079432500.jpg,//car.autohome.com.cn/pic/brand-43.html
170,Hennessey,//car0.autoimg.cn/logo/brand/50/129898381776840918.gif,//car.autohome.com.cn/pic/brand-170.html
309,合众,//car2.autoimg.cn/cardfs/brand/50/g6/M07/45/3E/autohomecar__wKgH3FoTnaaAKlO3AAAO6xx5eto888.jpg,//car.autohome.com.cn/pic/brand-309.html
237,华利,//car1.autoimg.cn/logo/brand/50/130771617145514325.jpg,//car.autohome.com.cn/pic/brand-237.html
85,华普,//car1.autoimg.cn/logo/brand/50/129302900253750000.jpg,//car.autohome.com.cn/pic/brand-85.html
240,霍顿,//car0.autoimg.cn/logo/brand/50/130789777380043293.jpg,//car.autohome.com.cn/pic/brand-240.html
94,众泰,//car0.autoimg.cn/logo/brand/50/130102101270571186.jpg,//car.autohome.com.cn/pic/brand-94.html
22,中华,//car1.autoimg.cn/logo/brand/50/130505768914676317.jpg,//car.autohome.com.cn/pic/brand-22.html
74,中兴,//car0.autoimg.cn/logo/brand/50/129302262887088750.jpg,//car.autohome.com.cn/pic/brand-74.html
206,知豆,//car2.autoimg.cn/cardfs/brand/50/g14/M12/31/09/autohomecar__wKgH1VjLg96Ad1z-AAANyKHXSZQ081.jpg,//car.autohome.com.cn/pic/brand-206.html
182,之诺,//car1.autoimg.cn/logo/brand/50/130277492025705685.jpg,//car.autohome.com.cn/pic/brand-182.html
153,Zenvo,//car1.autoimg.cn/logo/brand/50/129672782111104470.jpg,//car.autohome.com.cn/pic/brand-153.html
290,正道汽车,//car2.autoimg.cn/cardfs/brand/50/g4/M14/6D/C7/autohomecar__wKjB01j3ZheAI4aNAAARkOlE1Jw323.jpg,//car.autohome.com.cn/pic/brand-290.html
188,Icona,//car1.autoimg.cn/logo/brand/50/130109534813771436.jpg,//car.autohome.com.cn/pic/brand-188.html
25,吉利汽车,//car0.autoimg.cn/logo/brand/50/130433276914270070.jpg,//car.autohome.com.cn/pic/brand-25.html
46,Jeep,//car0.autoimg.cn/logo/brand/50/129302248767870000.jpg,//car.autohome.com.cn/pic/brand-46.html
84,江淮,//car3.autoimg.cn/cardfs/brand/50/g17/M07/21/27/autohomecar__wKjBxljA5vSARKckAAAM0bB-N6g607.jpg,//car.autohome.com.cn/pic/brand-84.html
44,捷豹,//car0.autoimg.cn/logo/brand/50/129766193653192621.jpg,//car.autohome.com.cn/pic/brand-44.html
83,金杯,//car0.autoimg.cn/logo/brand/50/129302882169218750.jpg,//car.autohome.com.cn/pic/brand-83.html
119,江铃,//car0.autoimg.cn/logo/brand/50/129925169120728644.jpg,//car.autohome.com.cn/pic/brand-119.html
210,江铃集团轻汽,//car0.autoimg.cn/logo/brand/50/130474646033781741.jpg,//car.autohome.com.cn/pic/brand-210.html
145,金龙,//car0.autoimg.cn/logo/brand/50/130836471525958427.jpg,//car.autohome.com.cn/pic/brand-145.html
270,江铃集团新能源,//car2.autoimg.cn/cardfs/brand/50/g13/M0C/AA/28/autohomecar__wKgH41djaNeAWfJvAAAMtbJhPx4907.jpg,//car.autohome.com.cn/pic/brand-270.html
175,金旅,//car1.autoimg.cn/logo/brand/50/130009583690849973.jpg,//car.autohome.com.cn/pic/brand-175.html
151,九龙,//car1.autoimg.cn/logo/brand/50/129666819262231698.jpg,//car.autohome.com.cn/pic/brand-151.html
297,君马汽车,//car2.autoimg.cn/cardfs/brand/50/g5/M07/E8/19/autohomecar__wKjB0llSdGmAAqENAAAPSmsV1DE585.jpg,//car.autohome.com.cn/pic/brand-297.html
47,凯迪拉克,//car0.autoimg.cn/logo/brand/50/130739684141276606.jpg,//car.autohome.com.cn/pic/brand-47.html
9,克莱斯勒,//car1.autoimg.cn/logo/brand/50/129488898968342500.jpg,//car.autohome.com.cn/pic/brand-9.html
101,开瑞,//car0.autoimg.cn/logo/brand/50/130402040113980360.jpg,//car.autohome.com.cn/pic/brand-101.html
214,凯翼,//car1.autoimg.cn/logo/brand/50/130534252712095724.jpg,//car.autohome.com.cn/pic/brand-214.html
199,卡威,//car0.autoimg.cn/logo/brand/50/130349321257118055.jpg,//car.autohome.com.cn/pic/brand-199.html
109,KTM,//car1.autoimg.cn/logo/brand/50/129302895597968750.jpg,//car.autohome.com.cn/pic/brand-109.html
100,科尼赛克,//car1.autoimg.cn/logo/brand/50/129302893815156250.jpg,//car.autohome.com.cn/pic/brand-100.html
156,卡尔森,//car0.autoimg.cn/logo/brand/50/129678658519433836.jpg,//car.autohome.com.cn/pic/brand-156.html
139,凯佰赫,//car0.autoimg.cn/logo/brand/50/129602236216562500.jpg,//car.autohome.com.cn/pic/brand-139.html
52,雷克萨斯,//car0.autoimg.cn/logo/brand/50/130306243240170768.jpg,//car.autohome.com.cn/pic/brand-52.html
49,路虎,//car1.autoimg.cn/logo/brand/50/129302251964745000.jpg,//car.autohome.com.cn/pic/brand-49.html
53,铃木,//car1.autoimg.cn/logo/brand/50/129302254410838750.jpg,//car.autohome.com.cn/pic/brand-53.html
51,林肯,//car0.autoimg.cn/logo/brand/50/130450193930704776.jpg,//car.autohome.com.cn/pic/brand-51.html
10,雷诺,//car1.autoimg.cn/logo/brand/50/130735595921034557.jpg,//car.autohome.com.cn/pic/brand-10.html
78,猎豹汽车,//car0.autoimg.cn/logo/brand/50/130346837283007185.jpg,//car.autohome.com.cn/pic/brand-78.html
279,领克,//car3.autoimg.cn/cardfs/brand/50/g8/M01/6E/26/autohomecar__wKjBz1gAghuABYKrAAAIN-tWCcY515.jpg,//car.autohome.com.cn/pic/brand-279.html
48,兰博基尼,//car1.autoimg.cn/logo/brand/50/130229178476758612.jpg,//car.autohome.com.cn/pic/brand-48.html
80,力帆汽车,//car3.autoimg.cn/cardfs/brand/50/g6/M0B/1E/C7/autohomecar__wKjB0Vox3TKARDtVAAAKEAF84cA573.jpg,//car.autohome.com.cn/pic/brand-80.html
54,劳斯莱斯,//car0.autoimg.cn/logo/brand/50/129302254799432500.jpg,//car.autohome.com.cn/pic/brand-54.html
88,陆风,//car1.autoimg.cn/logo/brand/50/130104794018000798.jpg,//car.autohome.com.cn/pic/brand-88.html
50,路特斯,//car1.autoimg.cn/logo/brand/50/129513714648821250.jpg,//car.autohome.com.cn/pic/brand-50.html
124,理念,//car1.autoimg.cn/logo/brand/50/129373380544377500.jpg,//car.autohome.com.cn/pic/brand-124.html
89,莲花汽车,//car0.autoimg.cn/logo/brand/50/130713021706491676.jpg,//car.autohome.com.cn/pic/brand-89.html
265,LeSEE,//car3.autoimg.cn/cardfs/brand/50/g17/M13/5F/CB/autohomecar__wKgH51cdxXeAbT46AAAGksClvFo080.jpg,//car.autohome.com.cn/pic/brand-265.html
121,蓝旗亚,//car1.autoimg.cn/logo/brand/50/129367644057087500.jpg,//car.autohome.com.cn/pic/brand-121.html
183,朗世,//car0.autoimg.cn/logo/brand/50/130109036967289015.jpg,//car.autohome.com.cn/pic/brand-183.html
225,领志,//car1.autoimg.cn/logo/brand/50/130607877256091804.jpg,//car.autohome.com.cn/pic/brand-225.html
58,马自达,//car2.autoimg.cn/cardfs/brand/50/g21/M0A/3D/0F/autohomecar__wKgFWlayv-mAGTlxAAAPPAplX4Q748.jpg,//car.autohome.com.cn/pic/brand-58.html
20,名爵,//car1.autoimg.cn/logo/brand/50/130471133772685412.jpg,//car.autohome.com.cn/pic/brand-20.html
57,玛莎拉蒂,//car0.autoimg.cn/logo/brand/50/129302256540057500.jpg,//car.autohome.com.cn/pic/brand-57.html
56,MINI,//car2.autoimg.cn/cardfs/brand/50/g19/M0E/25/18/autohomecar__wKjBxFaoxCOAIuHKAAAJnhUmJqk584.jpg,//car.autohome.com.cn/pic/brand-56.html
129,迈凯伦,//car0.autoimg.cn/logo/brand/50/129458351066720000.jpg,//car.autohome.com.cn/pic/brand-129.html
168,摩根,//car0.autoimg.cn/logo/brand/50/129836130377433918.JPG,//car.autohome.com.cn/pic/brand-168.html
55,迈巴赫,//car0.autoimg.cn/logo/brand/50/129302899825468750.jpg,//car.autohome.com.cn/pic/brand-55.html
130,纳智捷,//car1.autoimg.cn/logo/brand/50/129683886312508553.jpg,//car.autohome.com.cn/pic/brand-130.html
213,南京金龙,//car1.autoimg.cn/logo/brand/50/130618772782942839.jpg,//car.autohome.com.cn/pic/brand-213.html
228,nanoFLOWCELL,//car1.autoimg.cn/logo/brand/50/130680904958412844.jpg,//car.autohome.com.cn/pic/brand-228.html
295,NEVS,//car2.autoimg.cn/cardfs/brand/50/g7/M03/C5/29/autohomecar__wKgHzlk3YimAAXQ3AAAHzM5kI48926.jpg,//car.autohome.com.cn/pic/brand-295.html
136,Noble,//car1.autoimg.cn/logo/brand/50/129542460928841250.jpg,//car.autohome.com.cn/pic/brand-136.html
60,讴歌,//car3.autoimg.cn/cardfs/brand/50/g15/M05/9E/75/autohomecar__wKgH1lnccraAeMt5AAAK3m_x5O8994.jpg,//car.autohome.com.cn/pic/brand-60.html
146,欧朗,//car0.autoimg.cn/logo/brand/50/129835972275991768.jpg,//car.autohome.com.cn/pic/brand-146.html
59,欧宝,//car0.autoimg.cn/logo/brand/50/129969184274601979.jpg,//car.autohome.com.cn/pic/brand-59.html
